75216	2	1	chr1	11854475	11854476	snp	T	G	306	304	PASS		dbsnp.89:rs1801131	dbsnp:0.229	
75216	2	2	chr1	11854475	11854476	ref	T	T	425	423	PASS				
117530	2	1	chr1	17380496	17380497	snp	G	T	58	58	PASS		dbsnp.100:rs2746462		
117530	2	2	chr1	17380496	17380497	snp	G	T	547	547	PASS		dbsnp.100:rs2746462		
134268	2	1	chr1	20987872	20987873	snp	G	C	81	81	PASS		dbsnp.83:rs537816		
134268	2	2	chr1	20987872	20987873	snp	G	C	648	648	PASS		dbsnp.83:rs537816		
159834	2	1	chr1	26131653	26131654	snp	G	A	96	96	PASS		dbsnp.116:rs7349185		
159834	2	2	chr1	26131653	26131654	snp	G	A	857	857	PASS		dbsnp.116:rs7349185		
162970	2	all	chr1	26784058	26785228	ref	=	=							
225232	2	1	chr1	41285590	41285591	ref	A	A	381	380	PASS	37825			
225232	2	2	chr1	41285590	41285591	snp	A	G	264	268	PASS	37826	dbsnp.120:rs12143503	dbsnp:0.118	
246951	2	1	chr1	45797504	45797505	ref	C	C	293	293	PASS				
246951	2	2	chr1	45797504	45797505	snp	C	G	365	365	PASS		dbsnp.106:rs3219489	dbsnp:0.319	
257990	2	1	chr1	47767913	47767914	ref	G	G	110	84	PASS				
257990	2	2	chr1	47767913	47767914	snp	G	A	610	583	PASS		dbsnp.103:rs3125630		
328121	2	1	chr1	63881551	63881552	snp	C	T	1201	1201	PASS		dbsnp.111:rs4630153		
328121	2	2	chr1	63881551	63881552	snp	C	T	112	112	PASS		dbsnp.111:rs4630153		
517199	2	1	chr1	103354137	103354138	snp	A	G	438	438	PASS		dbsnp.89:rs1676486		
517199	2	2	chr1	103354137	103354138	snp	A	G	35	35	PASS		dbsnp.89:rs1676486		
576453	2	1	chr1	115222236	115222237	ref	T	T	479	479	PASS				
576453	2	2	chr1	115222236	115222237	snp	T	A	509	509	PASS		dbsnp.126:rs34526199	dbsnp:0.019	
764816	2	1	chr1	160105366	160105367	ref	C	C	253	252	PASS				
764816	2	2	chr1	160105366	160105367	snp	C	T	446	445	PASS		dbsnp.123:rs17846715	dbsnp:0.070	
942396	2	1	chr1	197070900	197070901	snp	A	G	863	863	PASS		dbsnp.86:rs964201		
942396	2	2	chr1	197070900	197070901	snp	A	G	89	89	PASS		dbsnp.86:rs964201		
1074884	2	1	chr1	226125467	226125468	ref	G	G	348	347	PASS				
1074884	2	2	chr1	226125467	226125468	snp	G	A	348	347	PASS		dbsnp.134:rs149969900	dbsnp:0.031	
1131311	2	1	chr1	237664073	237664074	ref	G	G	181	175	PASS				
1131311	2	2	chr1	237664073	237664074	snp	G	A	432	425	PASS		dbsnp.136:rs193922623		
1303671	2	1	chr2	20189014	20189015	ref	T	T	475	475	PASS				
1303671	2	2	chr2	20189014	20189015	snp	T	C	599	598	PASS		COSMIC:mut:148806;dbsnp.86:rs1060742	dbsnp:0.104	
1332420	2	1	chr2	26741960	26741961	ref	G	G	330	329	PASS				
1332420	2	2	chr2	26741960	26741961	snp	G	A	330	329	PASS		dbsnp.121:rs13031859	dbsnp:0.281	
1343516	2	1	chr2	29416571	29416572	snp	T	C	849	849	PASS		dbsnp.89:rs1670283		
1343516	2	2	chr2	29416571	29416572	snp	T	C	83	83	PASS		dbsnp.89:rs1670283		
1395612	2	1	chr2	38302389	38302390	snp	G	C	50	50	PASS		dbsnp.52:rs10012	dbsnp:0.336	
1395612	2	2	chr2	38302389	38302390	snp	G	C	437	437	PASS		dbsnp.52:rs10012	dbsnp:0.336	
1439406	2	1	chr2	47601105	47601106	ref	T	T	252	252	PASS				
1439406	2	2	chr2	47601105	47601106	snp	T	C	280	280	PASS		dbsnp.86:rs1126497		
1441328	2	1	chr2	48010487	48010488	snp	G	A	43	43	PASS	258903	dbsnp.86:rs1042821	dbsnp:0.193	
1441328	2	2	chr2	48010487	48010488	ref	G	G	43	42	PASS	258904			
1549310	2	1	chr2	71163172	71163173	snp	C	T	1022	1022	PASS		dbsnp.123:rs17720303	dbsnp:0.166	
1549310	2	2	chr2	71163172	71163173	snp	C	T	110	110	PASS		dbsnp.123:rs17720303	dbsnp:0.166	
1563728	2	1	chr2	74692190	74692191	ref	C	C	208	206	PASS				
1563728	2	2	chr2	74692190	74692191	snp	C	T	308	306	PASS		dbsnp.131:rs79181168	dbsnp:0.029	
1615571	2	1	chr2	85895337	85895338	snp	T	G	623	623	PASS		dbsnp.96:rs2077079	dbsnp:0.425	
1615571	2	2	chr2	85895337	85895338	snp	T	G	55	55	PASS		dbsnp.96:rs2077079	dbsnp:0.425	
1787482	2	1	chr2	116510816	116510817	snp	G	C	77	77	PASS		COSMIC:mut:441030;COSMIC:mut:441031;dbsnp.94:rs2053724	;	
1787482	2	2	chr2	116510816	116510817	snp	G	C	766	766	PASS		COSMIC:mut:441030;COSMIC:mut:441031;dbsnp.94:rs2053724	;	
1813083	2	1	chr2	121746955	121746956	ref	G	G	140	140	PASS				
1813083	2	2	chr2	121746955	121746956	snp	G	T	140	140	PASS		dbsnp.107:rs3738880		
1864142	2	all	chr2	131355577	131357250	ref	=	=							
1979110	2	1	chr2	152536497	152536498	ref	T	T	325	324	PASS				
1979110	2	2	chr2	152536497	152536498	snp	T	A	506	505	PASS		dbsnp.116:rs6735208		
2042258	2	1	chr2	166788335	166788336	snp	T	C	1026	1026	PASS		dbsnp.116:rs7592429		
2042258	2	2	chr2	166788335	166788336	snp	T	C	111	111	PASS		dbsnp.116:rs7592429		
2042718	2	1	chr2	166892787	166892788	ref	C	C	193	191	PASS				
2042718	2	2	chr2	166892787	166892788	snp	C	T	320	318	PASS		dbsnp.100:rs2298771		
2044022	2	1	chr2	167099157	167099158	snp	A	G	120	120	PASS		dbsnp.116:rs6746030		
2044022	2	2	chr2	167099157	167099158	snp	A	G	1080	1080	PASS		dbsnp.116:rs6746030		
2056550	2	1	chr2	169764175	169764176	ref	G	G	399	398	PASS				
2056550	2	2	chr2	169764175	169764176	snp	G	C	506	505	PASS		COSMIC:mut:148982;dbsnp.83:rs492594	dbsnp:0.439	
2103435	2	1	chr2	179644034	179644035	snp	G	A	48	48	PASS		dbsnp.88:rs1552280		
2103435	2	2	chr2	179644034	179644035	snp	G	A	510	510	PASS		dbsnp.88:rs1552280		
2132270	2	all	chr2	185802211	185802242	ref	=	=							
2132275	2	all	chr2	185803436	185803471	no-call	=	?							
2150652	2	1	chr2	189875420	189875421	snp	T	G	87	87	PASS		dbsnp.88:rs1516446		
2150652	2	2	chr2	189875420	189875421	snp	T	G	859	859	PASS		dbsnp.88:rs1516446		
2268297	2	all	chr2	215593261	215594354	ref	=	=							
2375407	2	1	chr2	238244962	238244963	snp	A	G	87	87	PASS		dbsnp.116:rs6728818		
2375407	2	2	chr2	238244962	238244963	snp	A	G	1013	1013	PASS		dbsnp.116:rs6728818		
2464217	2	1	chr3	9976158	9976159	snp	A	G	85	85	PASS		dbsnp.79:rs279552		
2464217	2	2	chr3	9976158	9976159	snp	A	G	759	759	PASS		dbsnp.79:rs279552		
2592534	2	1	chr3	37053567	37053568	ref	A	A	488	485	PASS				
2592534	2	2	chr3	37053567	37053568	snp	A	G	574	571	PASS		COSMIC:mut:1131469;dbsnp.89:rs1799977	dbsnp:0.171	
2636592	2	1	chr3	46751073	46751076	no-call	AAG	?							
2636592	2	2	chr3	46751073	46751076	del	AAG		21	21	VQLOW		dbsnp.119:rs10578999;dbsnp.130:rs71619660	;	
3013495	2	1	chr3	122003831	122003832	snp	G	C	144	144	PASS		dbsnp.89:rs1801726		
3013495	2	2	chr3	122003831	122003832	snp	G	C	1294	1294	PASS		dbsnp.89:rs1801726		
3190193	2	1	chr3	158366899	158366900	ref	G	G	294	287	PASS				
3190193	2	2	chr3	158366899	158366900	snp	G	A	294	287	PASS		dbsnp.100:rs2303909		
3307585	2	1	chr3	184071062	184071063	ref	G	G	185	184	PASS				
3307585	2	2	chr3	184071062	184071063	snp	G	C	185	184	PASS		COSMIC:mut:149533;dbsnp.119:rs9820367	dbsnp:0.442	
3342074	2	1	chr3	191093174	191093175	ref	T	T	372	371	PASS				
3342074	2	2	chr3	191093174	191093175	snp	T	A	420	419	PASS		dbsnp.94:rs2028574	dbsnp:0.499	
3388815	2	1	chr4	648642	648643	snp	G	A	622	622	PASS		dbsnp.120:rs10902758		
3388815	2	2	chr4	648642	648643	snp	G	A	77	77	PASS		dbsnp.120:rs10902758		
3426337	2	1	chr4	5624669	5624670	snp	T	C	674	674	PASS		dbsnp.86:rs730469		
3426337	2	2	chr4	5624669	5624670	snp	T	C	74	74	PASS		dbsnp.86:rs730469		
3427007	2	1	chr4	5721020	5721021	ref	A	A	410	406	PASS				
3427007	2	2	chr4	5721020	5721021	snp	A	C	410	406	PASS		dbsnp.100:rs2291157	dbsnp:0.115	
3430514	2	1	chr4	6302518	6302519	snp	G	A	134	134	PASS		dbsnp.89:rs1801212		
3430514	2	2	chr4	6302518	6302519	snp	G	A	1212	1212	PASS		dbsnp.89:rs1801212		
3632015	2	1	chr4	42895422	42895423	ref	C	C	380	380	PASS				
3632015	2	2	chr4	42895422	42895423	snp	C	T	380	380	PASS		dbsnp.129:rs57655409	dbsnp:0.153	
3938516	2	1	chr4	100516021	100516022	ref	C	C	333	331	PASS				
3938516	2	2	chr4	100516021	100516022	snp	C	G	333	331	PASS		dbsnp.100:rs2306985		
4006965	2	1	chr4	114232453	114232454	ref	T	T	39	10	VQLOW				
4006965	2	2	chr4	114232453	114232454	snp	T	C	500	472	PASS		dbsnp.134:rs138641014		
4059324	2	1	chr4	123664203	123664204	ref	G	G	299	294	PASS				
4059324	2	2	chr4	123664203	123664204	snp	G	A	606	602	PASS		dbsnp.79:rs309370	dbsnp:0.479	
4244677	2	1	chr4	159601675	159601676	snp	C	T	77	77	PASS		dbsnp.120:rs11559290		
4244677	2	2	chr4	159601675	159601676	snp	C	T	852	852	PASS		dbsnp.120:rs11559290		
4306425	2	1	chr4	170400555	170400556	ref	C	C	389	389	PASS				
4306425	2	2	chr4	170400555	170400556	snp	C	T	437	437	PASS		dbsnp.137:rs199827465		
4399549	2	1	chr4	187113040	187113041	ref	C	C	91	90	PASS				
4399549	2	2	chr4	187113040	187113041	snp	C	G	209	207	PASS		dbsnp.86:rs1055138	dbsnp:0.439	
4651852	2	1	chr5	36985302	36985303	snp	A	G	170	170	PASS		dbsnp.107:rs3822471	dbsnp:0.119	
4651852	2	2	chr5	36985302	36985303	snp	A	G	1736	1736	PASS		dbsnp.107:rs3822471	dbsnp:0.119	
4858615	2	1	chr5	77396835	77396838	ref	TTC	TTC	564	563	PASS				
4858615	2	2	chr5	77396835	77396838	del	TTC		564	563	PASS		dbsnp.137:rs199702315	dbsnp:0.008	
4886303	2	1	chr5	82816189	82816190	ref	A	A	437	436	PASS				
4886303	2	2	chr5	82816189	82816190	snp	A	G	545	545	PASS		dbsnp.129:rs61754531	dbsnp:0.006	
5027584	2	1	chr5	112176755	112176756	snp	T	A	1666	1666	PASS		dbsnp.80:rs459552		
5027584	2	2	chr5	112176755	112176756	snp	T	A	165	165	PASS		dbsnp.80:rs459552		
5098960	2	1	chr5	125887714	125887715	snp	T	G	304	300	PASS		dbsnp.120:rs12514417	dbsnp:0.096	
5098960	2	2	chr5	125887714	125887715	ref	T	T	587	583	PASS				
5340806	2	1	chr5	178415936	178415937	ref	A	A	321	320	PASS				
5340806	2	2	chr5	178415936	178415937	snp	A	G	440	439	PASS		dbsnp.96:rs2067011		
5402621	2	1	chr6	7584616	7584617	ref	C	C	371	371	PASS				
5402621	2	2	chr6	7584616	7584617	snp	C	T	435	435	PASS		COSMIC:mut:150043;dbsnp.96:rs2076300	dbsnp:0.231	
5569339	2	1	chr6	33131500	33131501	ref	G	G	210	207	PASS				
5569339	2	2	chr6	33131500	33131501	snp	G	A	392	389	PASS		dbsnp.98:rs2229792	dbsnp:0.012	
5579785	2	1	chr6	35477031	35477032	ref	A	A	715	713	PASS				
5579785	2	2	chr6	35477031	35477032	snp	A	G	608	606	PASS		COSMIC:mut:150076;dbsnp.94:rs2064317	dbsnp:0.383	
5655339	2	1	chr6	51890822	51890823	ref	G	G	474	473	PASS				
5655339	2	2	chr6	51890822	51890823	snp	G	A	474	473	PASS		dbsnp.119:rs9296669	dbsnp:0.398	
5733744	2	all	chr6	65016731	65016977	ref	=	=							
5770038	2	1	chr6	70961832	70961833	ref	T	T	219	212	PASS				
5770038	2	2	chr6	70961832	70961833	snp	T	C	219	212	PASS		dbsnp.86:rs1135056	dbsnp:0.351	
5823636	2	1	chr6	80196847	80196848	ref	C	C	243	240	PASS				
5823636	2	2	chr6	80196847	80196848	snp	C	T	243	240	PASS		dbsnp.92:rs1875845	dbsnp:0.351	
5825645	2	1	chr6	80626374	80626375	ref	T	T	428	428	PASS				
5825645	2	2	chr6	80626374	80626375	snp	T	C	470	470	PASS		dbsnp.107:rs3812153	dbsnp:0.186	
5984912	2	1	chr6	112493871	112493872	ref	A	A	296	294	PASS				
5984912	2	2	chr6	112493871	112493872	snp	A	G	296	294	PASS		dbsnp.86:rs1050348		
6068411	2	1	chr6	129635799	129635800	ref	G	G	275	274	PASS				
6068411	2	2	chr6	129635799	129635800	snp	G	A	275	274	PASS		dbsnp.100:rs2306942	dbsnp:0.106	
6084163	2	1	chr6	133789727	133789728	ref	G	G	377	376	PASS				
6084163	2	2	chr6	133789727	133789728	snp	G	A	467	467	PASS		dbsnp.119:rs9493627	dbsnp:0.393	
6296541	2	1	chr7	6026774	6026775	snp	T	C	87	87	PASS		dbsnp.98:rs2228006;dbsnp.127:rs41534544	;	
6296541	2	2	chr7	6026774	6026775	snp	T	C	314	314	PASS		dbsnp.98:rs2228006;dbsnp.127:rs41534544	;	
6402586	2	1	chr7	24758817	24758818	ref	G	G	287	287	PASS	1170377			
6402586	2	2	chr7	24758817	24758818	snp	G	T	386	385	PASS	1170378	dbsnp.86:rs754554	dbsnp:0.241	
6677930	2	1	chr7	73470713	73470714	ref	G	G	337	335	PASS				
6677930	2	2	chr7	73470713	73470714	snp	G	A	125	127	PASS		COSMIC:mut:150313;dbsnp.96:rs2071307	dbsnp:0.256	
6781642	2	all	chr7	91652178	91653523	ref	=	=							
6861220	2	1	chr7	107002805	107002806	snp	A	G	96	96	PASS		COSMIC:mut:150370;dbsnp.100:rs2269970		
6861220	2	2	chr7	107002805	107002806	snp	A	G	816	816	PASS		COSMIC:mut:150370;dbsnp.100:rs2269970		
7066791	2	1	chr7	150648197	150648198	ref	A	A	419	419	PASS				
7066791	2	2	chr7	150648197	150648198	snp	A	G	438	438	PASS		dbsnp.86:rs1137617		
7080601	2	1	chr7	152346006	152346007	ref	C	C	423	421	PASS				
7080601	2	2	chr7	152346006	152346007	snp	C	T	423	421	PASS		dbsnp.106:rs3218536	dbsnp:0.043	
7307910	2	1	chr8	22021516	22021517	ref	G	G	171	167	PASS				
7307910	2	2	chr8	22021516	22021517	snp	G	A	285	281	PASS		dbsnp.36:rs1124	dbsnp:0.261	
7334211	2	1	chr8	27324821	27324822	ref	T	T	522	522	PASS				
7334211	2	2	chr8	27324821	27324822	snp	T	C	522	522	PASS		dbsnp.86:rs891398		
7452572	2	1	chr8	55539274	55539275	ref	G	G	478	478	PASS				
7452572	2	2	chr8	55539274	55539275	snp	G	T	478	478	PASS		dbsnp.123:rs16920621	dbsnp:0.006	
7551824	2	1	chr8	77895864	77895865	snp	A	G	1476	1476	PASS		dbsnp.119:rs10087163		
7551824	2	2	chr8	77895864	77895865	snp	A	G	152	152	PASS		dbsnp.119:rs10087163		
7615127	2	1	chr8	90990478	90990479	ref	C	C	292	290	PASS				
7615127	2	2	chr8	90990478	90990479	snp	C	G	292	290	PASS		dbsnp.92:rs1805794	dbsnp:0.332	
7631968	2	1	chr8	94808164	94808165	ref	A	A	307	304	PASS				
7631968	2	2	chr8	94808164	94808165	snp	A	G	307	304	PASS		dbsnp.103:rs3134031		
7659613	2	1	chr8	100844614	100844615	ref	A	A	577	577	PASS				
7659613	2	2	chr8	100844614	100844615	snp	A	G	627	627	PASS		dbsnp.132:rs113671330	dbsnp:0.001	
7873217	2	1	chr8	145742878	145742879	snp	T	C	56	56	PASS		dbsnp.100:rs2306386		
7873217	2	2	chr8	145742878	145742879	snp	T	C	431	431	PASS		dbsnp.100:rs2306386		
7881705	2	1	chr9	334336	334337	ref	A	A	340	340	PASS				
7881705	2	2	chr9	334336	334337	snp	A	G	340	340	PASS		dbsnp.120:rs10970979	dbsnp:0.190	
8084398	2	all	chr9	35682450	35683240	ref	=	=							
8084399	2	1	chr9	35683240	35683240	ref			236	236	PASS				
8084399	2	2	chr9	35683240	35683240	ins		G	236	236	PASS		dbsnp.134:rs149115565;dbsnp.126:rs35401252	;	
8358564	2	1	chr9	71851876	71851877	ref	G	G	321	319	PASS				
8358564	2	2	chr9	71851876	71851877	snp	G	A	321	319	PASS		dbsnp.126:rs34774441	dbsnp:0.039	
8480151	2	1	chr9	97369148	97369149	snp	C	T	123	123	PASS		dbsnp.89:rs1769259		
8480151	2	2	chr9	97369148	97369149	snp	C	T	1098	1098	PASS		dbsnp.89:rs1769259		
8531839	2	1	chr9	108366733	108366734	ref	G	G	311	308	PASS				
8531839	2	2	chr9	108366733	108366734	snp	G	A	489	486	PASS		dbsnp.126:rs34787999	dbsnp:0.195	
8572208	2	1	chr9	117188565	117188566	snp	C	T	79	79	PASS		dbsnp.120:rs10817610		
8572208	2	2	chr9	117188565	117188566	snp	C	T	842	842	PASS		dbsnp.120:rs10817610		
8836998	2	1	chr10	26463129	26463130	snp	C	A	1007	1007	PASS		dbsnp.92:rs1999240		
8836998	2	2	chr10	26463129	26463130	snp	C	A	107	107	PASS		dbsnp.92:rs1999240		
9099526	2	1	chr10	73434887	73434888	ref	G	G	665	665	PASS				
9099526	2	2	chr10	73434887	73434888	snp	G	C	742	742	PASS		dbsnp.87:rs1227049	dbsnp:0.167	
9131213	2	all	chr10	81318662	81318663	no-call	=	?							
9179294	2	all	chr10	90706745	90708125	ref	=	=							
9231438	2	1	chr10	101473217	101473218	snp	A	G	115	115	PASS		dbsnp.98:rs2231687		
9231438	2	2	chr10	101473217	101473218	snp	A	G	1302	1302	PASS		dbsnp.98:rs2231687		
9280891	2	1	chr10	112595718	112595719	snp	G	C	530	518	PASS	1746177	dbsnp.86:rs942077		
9280891	2	2	chr10	112595718	112595719	snp	G	C	19	60	VQLOW	1746178	dbsnp.86:rs942077		
9320333	2	1	chr10	121429632	121429633	ref	T	T	538	538	PASS				
9320333	2	2	chr10	121429632	121429633	snp	T	C	538	538	PASS		dbsnp.98:rs2234962	dbsnp:0.099	
9413957	2	1	chr11	1782593	1782594	ref	G	G	156	155	PASS				
9413957	2	2	chr11	1782593	1782594	snp	G	A	233	232	PASS		dbsnp.63:rs17571	dbsnp:0.051	
9536909	2	1	chr11	22271869	22271870	ref	A	A	402	401	PASS				
9536909	2	2	chr11	22271869	22271870	snp	A	T	543	557	PASS		dbsnp.116:rs7481951	dbsnp:0.349	
9607364	2	1	chr11	34937930	34937931	snp	G	A	100	100	PASS		dbsnp.101:rs2956111	dbsnp:0.457	
9607364	2	2	chr11	34937930	34937931	snp	G	A	972	972	PASS		dbsnp.101:rs2956111	dbsnp:0.457	
9759801	2	1	chr11	61165740	61165741	snp	G	C	109	109	PASS		dbsnp.120:rs10897158		
9759801	2	2	chr11	61165740	61165741	snp	G	C	1017	1017	PASS		dbsnp.120:rs10897158		
9761807	2	1	chr11	61730552	61730553	ref	T	T	496	496	PASS				
9761807	2	2	chr11	61730552	61730553	snp	T	C	496	496	PASS		COSMIC:mut:429421;dbsnp.123:rs17185413	dbsnp:0.105	
9777712	2	1	chr11	64572017	64572018	snp	T	C	759	759	PASS		COSMIC:mut:255213;dbsnp.101:rs2959656		
9777712	2	2	chr11	64572017	64572018	snp	T	C	95	95	PASS		COSMIC:mut:255213;dbsnp.101:rs2959656		
9782603	2	1	chr11	65636052	65636053	snp	T	C	853	853	PASS		dbsnp.83:rs601314		
9782603	2	2	chr11	65636052	65636053	snp	T	C	87	87	PASS		dbsnp.83:rs601314		
9785751	2	1	chr11	66282094	66282095	ref	G	G	417	417	PASS				
9785751	2	2	chr11	66282094	66282095	snp	G	A	427	427	PASS		COSMIC:mut:147274;dbsnp.100:rs2298806	dbsnp:0.228	
9789382	2	1	chr11	67258390	67258391	snp	A	G	68	68	PASS		dbsnp.111:rs4930199		
9789382	2	2	chr11	67258390	67258391	snp	A	G	543	543	PASS		dbsnp.111:rs4930199		
9812356	2	all	chr11	71150296	71152460	ref	=	=							
9940672	2	1	chr11	95555087	95555088	ref	G	G	334	327	PASS				
9940672	2	2	chr11	95555087	95555088	snp	G	A	334	327	PASS		dbsnp.52:rs11742	dbsnp:0.020	
9983000	2	1	chr11	103029515	103029516	snp	A	G	589	589	PASS		dbsnp.83:rs688906		
9983000	2	2	chr11	103029515	103029516	snp	A	G	54	54	PASS		dbsnp.83:rs688906		
10009386	2	1	chr11	108183166	108183167	snp	A	G	1108	1108	PASS		dbsnp.83:rs659243		
10009386	2	2	chr11	108183166	108183167	snp	A	G	113	113	PASS		dbsnp.83:rs659243		
10024200	2	1	chr11	111896323	111896324	ref	C	C	198	195	PASS				
10024200	2	2	chr11	111896323	111896324	snp	C	T	365	361	PASS		COSMIC:mut:428418;dbsnp.100:rs2303436	dbsnp:0.378	
10058308	2	1	chr11	118967757	118967758	ref	T	T	335	335	PASS				
10058308	2	2	chr11	118967757	118967758	snp	T	C	335	335	PASS		dbsnp.83:rs643788	dbsnp:0.430	
10066932	2	1	chr11	121032977	121032978	snp	G	A	109	109	PASS		dbsnp.83:rs526433		
10066932	2	2	chr11	121032977	121032978	snp	G	A	1125	1125	PASS		dbsnp.83:rs526433		
10091382	2	1	chr11	126343226	126343227	ref	T	T	174	168	PASS				
10091382	2	2	chr11	126343226	126343227	snp	T	C	387	382	PASS		COSMIC:mut:1317356;COSMIC:mut:1317357;COSMIC:mut:1317358;dbsnp.132:rs111418068	;;dbsnp:0.028	
10143279	2	1	chr12	2791204	2791205	snp	A	G	483	483	PASS		dbsnp.120:rs10774054		
10143279	2	2	chr12	2791204	2791205	snp	A	G	54	54	PASS		dbsnp.120:rs10774054		
10262120	2	all	chr12	22085565	22086975	ref	=	=							
10409555	2	1	chr12	49434073	49434074	ref	C	C	128	128	PASS				
10409555	2	2	chr12	49434073	49434074	snp	C	A	94	101	PASS		dbsnp.120:rs10747559	dbsnp:0.389	
10445006	2	1	chr12	56089356	56089357	snp	C	T	135	135	PASS		dbsnp.89:rs1800974		
10445006	2	2	chr12	56089356	56089357	snp	C	T	1206	1206	PASS		dbsnp.89:rs1800974		
10546091	2	1	chr12	76741324	76741325	ref	T	T	410	406	PASS				
10546091	2	2	chr12	76741324	76741325	snp	T	C	410	406	PASS		dbsnp.134:rs140585012		
10885389	2	1	chr13	28624293	28624294	ref	G	G	525	525	PASS				
10885389	2	2	chr13	28624293	28624294	snp	G	A	648	648	PASS		dbsnp.92:rs1933437		
10902253	2	1	chr13	31891745	31891746	snp	G	A	118	118	PASS		dbsnp.86:rs1041073		
10902253	2	2	chr13	31891745	31891746	snp	G	A	1259	1259	PASS		dbsnp.86:rs1041073		
10907525	2	1	chr13	32906728	32906729	snp	A	C	909	909	PASS		COSMIC:mut:147663;dbsnp.83:rs144848	dbsnp:0.240	
10907525	2	2	chr13	32906728	32906729	snp	A	C	93	93	PASS		COSMIC:mut:147663;dbsnp.83:rs144848	dbsnp:0.240	
10944015	2	1	chr13	40229890	40229891	snp	G	A	56	56	PASS		dbsnp.107:rs3812882	dbsnp:0.468	
10944015	2	2	chr13	40229890	40229891	snp	G	A	554	554	PASS		dbsnp.107:rs3812882	dbsnp:0.468	
10983385	2	1	chr13	48547466	48547467	snp	A	T	61	61	PASS		dbsnp.116:rs7320366		
10983385	2	2	chr13	48547466	48547467	snp	A	T	620	620	PASS		dbsnp.116:rs7320366		
11124476	2	1	chr13	77574982	77574983	ref	A	A	541	541	PASS				
11124476	2	2	chr13	77574982	77574983	snp	A	G	637	637	PASS		dbsnp.89:rs1800209	dbsnp:0.250	
11252816	2	1	chr13	103527848	103527849	snp	G	C	78	78	PASS		dbsnp.119:rs9514066		
11252816	2	2	chr13	103527848	103527849	snp	G	C	666	666	PASS		dbsnp.119:rs9514066		
11351975	2	1	chr14	21790039	21790040	ref	G	G	575	575	PASS				
11351975	2	2	chr14	21790039	21790040	snp	G	T	583	583	PASS		dbsnp.119:rs10151259	dbsnp:0.161	
11363127	2	1	chr14	23861810	23861811	ref	A	A	360	359	PASS				
11363127	2	2	chr14	23861810	23861811	snp	A	G	490	489	PASS		dbsnp.80:rs365990	dbsnp:0.360	
11684522	2	1	chr14	88852165	88852166	ref	G	G	308	295	PASS				
11684522	2	2	chr14	88852165	88852166	snp	G	A	308	295	PASS		COSMIC:mut:433448;dbsnp.111:rs4904448	dbsnp:0.214	
11711330	2	1	chr14	94847414	94847415	ref	A	A	394	394	PASS				
11711330	2	2	chr14	94847414	94847415	snp	A	G	465	465	PASS		dbsnp.52:rs6647	dbsnp:0.245	
11875785	2	1	chr15	31362351	31362352	snp	C	T	145	145	PASS		dbsnp.98:rs2241493		
11875785	2	2	chr15	31362351	31362352	snp	C	T	1721	1721	PASS		dbsnp.98:rs2241493		
11926225	2	1	chr15	40477830	40477831	snp	G	A	733	733	PASS		dbsnp.89:rs1801376		
11926225	2	2	chr15	40477830	40477831	snp	G	A	79	79	PASS		dbsnp.89:rs1801376		
11935943	2	1	chr15	42681198	42681199	ref	G	G	206	203	PASS				
11935943	2	2	chr15	42681198	42681199	snp	G	A	388	385	PASS		dbsnp.89:rs1801449	dbsnp:0.221	
11949658	2	1	chr15	45654326	45654327	ref	A	A	234	233	PASS				
11949658	2	2	chr15	45654326	45654327	snp	A	G	408	407	PASS		dbsnp.87:rs1145086		
11964179	2	1	chr15	48807636	48807637	snp	C	T	108	108	PASS		dbsnp.111:rs4775765		
11964179	2	2	chr15	48807636	48807637	snp	C	T	982	982	PASS		dbsnp.111:rs4775765		
12081170	2	1	chr15	72105928	72105929	del	C		1010	1011	PASS		dbsnp.120:rs11351249		
12081170	2	2	chr15	72105928	72105929	del	C		114	114	PASS		dbsnp.120:rs11351249		
12085226	2	1	chr15	73027477	73027478	ref	T	T	427	426	PASS				
12085226	2	2	chr15	73027477	73027478	snp	T	C	427	426	PASS		dbsnp.100:rs2277598	dbsnp:0.451	
12093634	2	1	chr15	75189929	75189930	snp	A	G	77	77	PASS		dbsnp.86:rs1130741	dbsnp:0.408	
12093634	2	2	chr15	75189929	75189930	snp	A	G	728	728	PASS		dbsnp.86:rs1130741	dbsnp:0.408	
12172686	2	1	chr15	89836227	89836228	ref	G	G	195	194	PASS				
12172686	2	2	chr15	89836227	89836228	snp	G	C	195	194	PASS		COSMIC:mut:1179763;COSMIC:mut:1179764;dbsnp.100:rs2283432	;dbsnp:0.291	
12174760	2	1	chr15	90196007	90196008	snp	C	T	98	98	PASS		dbsnp.117:rs8179065	dbsnp:0.236	
12174760	2	2	chr15	90196007	90196008	snp	C	T	913	913	PASS		dbsnp.117:rs8179065	dbsnp:0.236	
12249482	2	1	chr16	1260968	1260969	ref	G	G	135	135	PASS				
12249482	2	2	chr16	1260968	1260969	snp	G	A	135	135	PASS		dbsnp.129:rs61910714	dbsnp:0.072	
12256354	2	1	chr16	2125833	2125834	ref	T	T	335	334	PASS				
12256354	2	2	chr16	2125833	2125834	snp	T	C	377	376	PASS		dbsnp.121:rs13337626	dbsnp:0.062	
12344535	2	1	chr16	15820862	15820863	ref	C	C	347	347	PASS				
12344535	2	2	chr16	15820862	15820863	snp	C	T	347	347	PASS		dbsnp.123:rs16967494	dbsnp:0.237	
12383659	2	1	chr16	21689878	21689879	ref	T	T	293	291	PASS				
12383659	2	2	chr16	21689878	21689879	snp	T	A	293	291	PASS		dbsnp.131:rs78970023	dbsnp:0.115	
12519039	2	1	chr16	53671753	53671754	ref	C	C	410	410	PASS				
12519039	2	2	chr16	53671753	53671754	snp	C	T	410	410	PASS		COSMIC:mut:148080;dbsnp.96:rs2111119	dbsnp:0.152	
12588223	2	1	chr16	68719112	68719113	ref	G	G	354	354	PASS				
12588223	2	2	chr16	68719112	68719113	snp	G	A	366	366	PASS		dbsnp.126:rs34494880	dbsnp:0.029	
12598586	2	1	chr16	70548296	70548297	snp	G	A	60	60	PASS		dbsnp.108:rs3931036		
12598586	2	2	chr16	70548296	70548297	snp	G	A	673	673	PASS		dbsnp.108:rs3931036		
12721007	2	1	chr16	89849479	89849480	snp	C	T	52	52	PASS		dbsnp.98:rs2239359		
12721007	2	2	chr16	89849479	89849480	snp	C	T	486	486	PASS		dbsnp.98:rs2239359		
12768651	2	1	chr17	6337246	6337247	ref	C	C	348	348	PASS				
12768651	2	2	chr17	6337246	6337247	snp	C	G	348	348	PASS		dbsnp.120:rs12449580;dbsnp.129:rs62653016	dbsnp:0.225;	
12775585	2	1	chr17	7579471	7579472	ref	G	G	185	183	PASS				
12775585	2	2	chr17	7579471	7579472	snp	G	C	185	183	PASS		dbsnp.86:rs1042522		
12807528	2	1	chr17	13980057	13980058	ref	A	A	225	221	PASS				
12807528	2	2	chr17	13980057	13980058	snp	A	T	225	221	PASS		dbsnp.98:rs2230351	dbsnp:0.071	
12828598	2	1	chr17	17696530	17696531	ref	G	G	144	144	PASS				
12828598	2	2	chr17	17696530	17696531	snp	G	C	178	178	PASS		COSMIC:mut:1381228;dbsnp.107:rs3803763		
12872859	2	1	chr17	27065210	27065211	ref	T	T	191	187	PASS				
12872859	2	2	chr17	27065210	27065211	snp	T	C	191	187	PASS		dbsnp.107:rs3809797	dbsnp:0.189	
12885517	2	1	chr17	29687505	29687506	ref	A	A	559	559	PASS				
12885517	2	2	chr17	29687505	29687506	snp	A	G	604	604	PASS				
12939467	2	1	chr17	39925712	39925713	ref	C	C	222	220	PASS				
12939467	2	2	chr17	39925712	39925713	snp	C	T	222	220	PASS		dbsnp.127:rs41283425	dbsnp:0.028	
12945499	2	1	chr17	41255844	41255845	ref	C	C	496	492	PASS				
12945499	2	2	chr17	41255844	41255845	snp	C	T	496	492	PASS				
12969882	2	1	chr17	46022064	46022065	ref	G	G	334	331	PASS				
12969882	2	2	chr17	46022064	46022065	snp	G	A	334	331	PASS		dbsnp.123:rs17679445	dbsnp:0.034	
13030447	2	1	chr17	59763346	59763347	snp	A	G	53	53	PASS		dbsnp.113:rs4986764		
13030447	2	2	chr17	59763346	59763347	snp	A	G	509	509	PASS		dbsnp.113:rs4986764		
13040011	2	1	chr17	62041067	62041068	snp	T	C	112	112	PASS		dbsnp.116:rs6504191		
13040011	2	2	chr17	62041067	62041068	snp	T	C	998	998	PASS		dbsnp.116:rs6504191		
13041591	2	1	chr17	62492629	62492630	ref	G	G	81	76	PASS				
13041591	2	2	chr17	62492629	62492630	snp	G	C	81	76	PASS		dbsnp.134:rs149446102		
13095615	2	1	chr17	73498482	73498483	snp	T	C	242	242	PASS		dbsnp.116:rs7503373		
13095615	2	2	chr17	73498482	73498483	snp	T	C	32	32	PASS		dbsnp.116:rs7503373		
13121101	2	all	chr17	78064064	78064145	ref	=	=							
13121102	2	all	chr17	78064145	78064145	no-call	=	?							
13121216	2	1	chr17	78079668	78079669	snp	G	A	40	91	PASS		dbsnp.86:rs1042395		
13121216	2	2	chr17	78079668	78079669	snp	G	A	794	794	PASS		dbsnp.86:rs1042395		
13157224	2	1	chr18	2539015	2539016	snp	C	G	90	90	PASS		dbsnp.116:rs8084295		
13157224	2	2	chr18	2539015	2539016	snp	C	G	829	829	PASS		dbsnp.116:rs8084295		
13163076	2	all	chr18	3451540	3452222	ref	=	=							
13286451	2	1	chr18	29122798	29122799	ref	G	G	468	467	PASS				
13286451	2	2	chr18	29122798	29122799	snp	G	A	521	521	PASS		dbsnp.100:rs2278792	dbsnp:0.272	
13286555	2	1	chr18	29172864	29172865	ref	G	G	371	368	PASS				
13286555	2	2	chr18	29172864	29172865	snp	G	A	504	501	PASS		dbsnp.89:rs1800458	dbsnp:0.034	
13349380	2	1	chr18	44063597	44063598	ref	G	G	415	414	PASS				
13349380	2	2	chr18	44063597	44063598	snp	G	A	415	414	PASS		dbsnp.88:rs1377016	dbsnp:0.409	
13392647	2	1	chr18	53303100	53303101	snp	C	G	1044	1044	PASS		dbsnp.83:rs611326		
13392647	2	2	chr18	53303100	53303101	snp	C	G	110	110	PASS		dbsnp.83:rs611326		
13754774	2	1	chr19	36486444	36486445	snp	G	C	917	917	PASS		dbsnp.116:rs7249826		
13754774	2	2	chr19	36486444	36486445	snp	G	C	91	91	PASS		dbsnp.116:rs7249826		
13782259	2	all	chr19	41123093	41123548	ref	=	=							
13809443	2	1	chr19	45854918	45854919	ref	T	T	187	186	PASS				
13809443	2	2	chr19	45854918	45854919	snp	T	G	187	186	PASS		dbsnp.52:rs13181	dbsnp:0.237	
13848798	2	1	chr19	51850289	51850290	ref	G	G	277	276	PASS				
13848798	2	2	chr19	51850289	51850290	snp	G	A	277	276	PASS		dbsnp.86:rs1130426	dbsnp:0.464	
14106375	2	1	chr20	42747246	42747247	ref	C	C	402	402	PASS				
14106375	2	2	chr20	42747246	42747247	snp	C	T	446	446	PASS		COSMIC:mut:1411944;dbsnp.107:rs3810510	dbsnp:0.241	
14374740	2	all	chr21	35741851	35746349	ref	=	=							
14419633	2	1	chr21	44480615	44480616	ref	G	G	182	181	PASS				
14419633	2	2	chr21	44480615	44480616	snp	G	A	276	275	PASS		dbsnp.89:rs1801181	dbsnp:0.327	
14437783	2	1	chr21	47423388	47423389	ref	G	G	196	191	PASS				
14437783	2	2	chr21	47423388	47423389	snp	G	A	421	417	PASS		dbsnp.86:rs1053312	dbsnp:0.278	
14438703	2	1	chr21	47538959	47538960	ref	G	G	300	299	PASS				
14438703	2	2	chr21	47538959	47538960	snp	G	A	395	394	PASS		dbsnp.100:rs2839110		
14521997	2	1	chr22	24199703	24199704	ref	C	C	148	148	PASS				
14521997	2	2	chr22	24199703	24199704	snp	C	T	200	200	PASS		dbsnp.123:rs16986337	dbsnp:0.082	
14537469	2	1	chr22	26853904	26853905	snp	C	A	113	113	PASS		dbsnp.92:rs1894704		
14537469	2	2	chr22	26853904	26853905	snp	C	A	922	922	PASS		dbsnp.92:rs1894704		
14592945	2	1	chr22	38130471	38130472	snp	T	C	574	574	PASS		dbsnp.116:rs8140958		
14592945	2	2	chr22	38130471	38130472	snp	T	C	61	74	PASS		dbsnp.116:rs8140958		
14608859	2	1	chr22	41551038	41551039	ref	T	T	366	365	PASS				
14608859	2	2	chr22	41551038	41551039	snp	T	A	366	365	PASS		dbsnp.67:rs20552		
14664340	2	1	chr22	51117579	51117580	ref	T	T	256	254	PASS				
14664340	2	2	chr22	51117579	51117580	snp	T	C	256	254	PASS		COSMIC:mut:445196;dbsnp.119:rs9616915	dbsnp:0.359	
14720137	1	all	chrX	13776547	13779409	ref	=	=							
14738259	1	all	chrX	24085702	24086686	ref	=	=							
14752918	1	1	chrX	31496349	31496350	snp	C	T	494	494	PASS		dbsnp.89:rs1800280		
14765052	1	1	chrX	38145910	38145911	snp	C	T	411	411	PASS		dbsnp.114:rs5917557	dbsnp:0.098	
14765250	1	1	chrX	38226602	38226603	snp	A	G	573	573	PASS		dbsnp.89:rs1800321	dbsnp:0.197	
14801612	1	1	chrX	53654401	53654402	snp	T	C	543	543	PASS		dbsnp.127:rs41307640	dbsnp:0.013	
14837552	1	1	chrX	67652747	67652748	snp	C	T	602	602	PASS		dbsnp.127:rs41303733	dbsnp:0.046	
14861934	1	1	chrX	77298856	77298857	snp	G	A	436	436	PASS		dbsnp.111:rs4826245		
14869622	1	1	chrX	79943568	79943569	snp	T	C	371	371	PASS		dbsnp.103:rs3122407		
14971797	1	all	chrX	122336600	122337866	ref	=	=							
15026624	1	1	chrX	147088248	147088249	snp	C	T	462	462	PASS		dbsnp.86:rs764631	dbsnp:0.455	
15041867	1	all	chrX	152999033	153006226	ref	=	=							
15043142	1	1	chrX	153629154	153629155	snp	A	G	109	109	PASS		dbsnp.52:rs4909;dbsnp.120:rs12012747;dbsnp.123:rs17091345	;;	
